id,prompt,base,finetuned,verdict
1,Giải thích khái niệm machine learning cho người mới bắt đầu.,"Machine learning là một phân khúc của trí tuệ nhân tạo, nó tập trung vào việc thiết lập các mô hình máy móc để học tập từ dữ liệu và từ đó có thể dự đoán hoặc hành động. Nhìn vào khía cạnh đơn giản, nó có nghĩa là máy tính học tập từ dữ liệu. Mô hình học được từ dữ liệu này có thể thực hiện các tác vụ khác nhau, chẳng hạn như phân loại, dự đoán hoặc dự đoán. Mục đích của machine learning là để máy","Machine learning là một phân phối của AI, nó giúp máy tự học và cải thiện dựa trên dữ liệu mà không cần phải được cài đặt thủ công các quy tắc hoặc các bước chỉ dẫn. Trong machine learning, máy tự học từ dữ liệu, rút ra các quy luật và xu hướng từ đó, và dựa trên các mô hình này để đưa ra quyết định chính xác hơn trong tương lai. Machine learning có thể được chia thành ba loại chính: phân loại, dự",improved
2,Viết đoạn code Python tính số Fibonacci thứ n.,Ví dụ: Tính tổng của tất cả các số trong một danh sách. Có thể viết một hàm để tính tổng của tất,"Để tính số Fibonacci thứ n, bạn có thể sử dụng hàm đệ quy hoặc vòng lặp. Đây là một ví dụ sử dụng vòng lặp: ```python def fibonacci(n): # Nếu n là 0 hoặc 1, trả về n nếu n < 0: raise ValueError(""Input must be a positive integer"") a, b = 0, 1 for i in range(n): a, b = b, a + b return a ``` Hàm này sẽ tính toán và trả về số Fibonacci thứ n. Nó sử dụng một cặp số a và b để lưu trữ giá trị của các phầ",improved
3,Liệt kê 5 nguyên tắc thiết kế UI/UX.,"1. Nguyên tắc tối giản: Giảm thiểu số lượng chức năng, giao diện, và nội dung không cần thiết, để thiết kế dễ sử dụng và không gây rối mắt cho người dùng. 2. Nguyên tắc tương phản: Tạo ra sự khác biệt và nhấn mạnh bằng cách sử dụng màu sắc, kích thước, hình dạng, và bố cục, để tạo ra hiệu ứng cảm xúc và thu hút sự chú ý. 3. Nguyên tắc cân bằng: Sử dụng các yếu tố như màu sắc, kích thước, và hình d","1. 用户体验 (UX) là điều quan trọng nhất: Người dùng là trung tâm của thiết kế UI/UX và nên được đặt lên hàng đầu. 2. Thân thiện với người dùng: UI/UX phải thân thiện và dễ sử dụng. Những yếu tố như màu sắc, bố cục và chức năng phải phù hợp với nhu cầu và thói quen của người dùng. 3. Tối ưu hóa trải nghiệm người dùng: UI/UX phải tối ưu hóa trải nghiệm người dùng bằng cách tối ưu hóa tốc độ tải, cải th",improved
4,Tóm tắt sự khác biệt giữa LoRA và QLoRA.,"LoRA và QLoRA là hai cách khác nhau để cải thiện hiệu suất của mô hình máy học không giám sát (unsupervised learning) bằng cách sử dụng các hạt nhân khác nhau. LoRA được phát triển bởi nhóm nghiên cứu của Chine, cho phép giảm kích thước mô hình bằng cách sử dụng hạt nhân nhân đôi. LoRA sử dụng các hạt nhân nhân đôi được gọi là ""LoRA"" để thay thế một số hạt nhân của mô hình. Trong khi LoRA sử dụng ","LoRA (Low-Rank Approximation) và QLoRA (Quantized LoRA) là hai phương pháp cải tiến được tạo ra để làm cho mô hình NLU (Nội dung hiểu biết) có thể được điều chỉnh và hiệu quả hơn. Sự khác biệt giữa LoRA và QLoRA là về cách chúng được thực hiện và những gì chúng cải thiện. LoRA sử dụng kỹ thuật đại số cho phép giảm kích thước và giảm độ phức tạp của mô hình, bằng cách tạo ra một mô hình đại số mới ",improved
5,"Phân biệt prompt engineering, RAG, và fine-tuning.","Prompt engineering, RAG (Relevant, Aggregated, and Generated) và fine-tuning là những kỹ thuật khác nhau để cải thiện hiệu suất của mô hình NLP. - Prompt engineering là kỹ thuật để cải thiện hiệu suất của một mô hình bằng cách tạo ra các prompt (đề bài) phù hợp hơn cho nó. Thông thường, người ta tạo ra các prompt bằng cách nghiên cứu các câu hỏi, câu trả lời và các câu hỏi tương tự đã được mô hình","Prompt engineering, RAG, và fine-tuning là những phương pháp khác nhau được sử dụng trong NLP (Nghiên cứu máy tính về ngôn ngữ) để cải thiện hiệu suất của hệ thống. - Prompt engineering: Prompt engineering là kỹ thuật mà người dùng sử dụng câu hỏi hoặc câu lệnh để hướng dẫn hệ thống tự động hóa trả lời một cách chính xác. Phương pháp này sử dụng các câu lệnh hoặc câu hỏi để hướng dẫn hệ thống trả ",improved
6,Khi nào nên dùng RAG thay vì fine-tuning?,"RAG (Retrieval-Augmented Generation) có thể được sử dụng thay vì fine-tuning để cải thiện hiệu suất của mô hình ngôn ngữ tự nhiên trong một số trường hợp. RAG là một phương pháp mới, được phát triển để giải quyết vấn đề thiếu dữ liệu bằng cách sử dụng các bài kiểm tra trước đó và câu trả lời từ các nguồn khác nhau để bổ sung dữ liệu. Phương pháp này có thể hữu ích hơn trong trường hợp thiếu dữ liệ",RAG (Retrieval-Augmented Generation) là một phương pháp học sâu được thiết kế để cải thiện hiệu suất của các mô hình NLP bằng cách bổ sung thông tin từ bộ sưu tập. RAG thường được sử dụng thay vì fine-tuning khi bạn muốn cải thiện độ chính xác của mô hình của mình bằng cách thêm thông tin từ một bộ sưu tập. Điều này có thể hữu ích khi bạn muốn cải thiện độ chính xác của mô hình của mình bằng cách ,improved
7,Giải thích cách hoạt động của Flash Attention.,"Flash Attention là một loại Attention được tạo ra bởi các nhà khoa học máy học. Nó hoạt động dựa trên các điểm ảnh được tạo thành từ các ảnh hưởng của từng điểm ảnh khác trên ảnh. Khi một điểm ảnh được chọn, các điểm ảnh khác trong ảnh được đánh giá dựa trên sự ảnh hưởng của nó đối với điểm ảnh đã chọn. Điểm ảnh được đánh giá cao hơn có thể được xem là ""lớn hơn"" hoặc ""nhạy cảm hơn"" đối với điểm ản","Flash Attention là một công nghệ được sử dụng để cải thiện hiệu suất của mạng nейron được thiết kế cho các bài toán tự học, đặc biệt là các bài toán tự học không giám sát. Công nghệ này sử dụng các tính năng tương tự như Attention để tăng độ chính xác và hiệu suất của mạng nейron. Khi được sử dụng trong một mạng nейron, Flash Attention được sử dụng để tạo ra một mức độ tập trung nhất định vào các ",improved
8,List 3 câu hỏi phỏng vấn cho ML Engineer junior.,1. Bạn có thể chia sẻ một ví dụ về một dự án Machine Learning mà bạn đã tham gia và bạn đã làm gì để đạt được thành công không? 2. Bạn có thể chia sẻ về những kỹ năng lập trình cơ bản và ngôn ngữ lập trình mà bạn đã học và sử dụng trong quá khứ không? 3. Bạn có thể chia sẻ về những dự án Machine Learning mà bạn đã thực hiện trong quá khứ và những kinh nghiệm mà bạn đã có được không?,1. Vị trí của bạn là gì và bạn đã có kinh nghiệm làm việc trong vị trí này chưa? 2. Bạn có thể chia sẻ một ví dụ về một dự án ML mà bạn đã tham gia và cách bạn xử lý các thách thức trong quá trình triển khai dự án không? 3. Bạn có thể giải thích cách bạn đánh giá hiệu suất của một mô hình ML và giải quyết các vấn đề hiệu suất không?,improved
9,Cho biết ưu điểm của Transformer so với RNN.,"Transformer có nhiều ưu điểm hơn so với RNN. Một trong những ưu điểm lớn nhất là Transformer có thể xử lý chuỗi thời gian dài hơn và có khả năng dự đoán tương lai. Transformer có thể xử lý chuỗi thời gian dài hơn mà không bị giới hạn như RNN, vì nó có thể ""xem"" cả chuỗi và dự đoán tương lai. Transformer cũng có khả năng dự đoán tương lai vì nó có thể sử dụng thông tin toàn bộ chuỗi để dự đoán giá ","Transformer có nhiều ưu điểm so với RNN, một trong những ưu điểm chính là khả năng tự học được độ dài chuỗi. Transformer có thể tự động học được độ dài chuỗi mà không cần biết trước độ dài chuỗi. Điều này có thể hữu ích trong việc xử lý dữ liệu có độ dài chuỗi không xác định. Transformer cũng có khả năng tự học được cấu trúc chuỗi. Transformer có thể học được cấu trúc chuỗi bằng cách sử dụng các p",improved
10,Cách evaluate performance của một LLM fine-tuned model?,"Để evaluate performance của một LLM fine-tuned model, bạn có thể thực hiện các bước sau: 1. Định nghĩa các tiêu chí đánh giá: Trước tiên, bạn cần xác định các tiêu chí đánh giá cụ thể mà bạn muốn sử dụng để đánh giá hiệu suất của model. 2. Tạo một bộ dữ liệu đánh giá: Tiếp theo, bạn cần tạo một bộ dữ liệu đánh giá để kiểm tra hiệu suất của model. Bất kỳ bộ dữ liệu đánh giá nào cũng có thể được sử ","Để evaluate performance của một LLM fine-tuned model, bạn có thể thực hiện các bước sau: 1. Tạo một bộ sưu tập dữ liệu đánh giá: Đầu tiên, bạn cần tạo một bộ sưu tập dữ liệu đánh giá để thử nghiệm mô hình. Bộ sưu tập này nên bao gồm một số câu hỏi và câu trả lời được tạo bởi người dùng và một số câu hỏi được tạo bởi mô hình. 2. Đo lường các tiêu chí đánh giá: Để đánh giá hiệu quả của mô hình, bạn ",improved
11,Đề xuất thực đơn bữa tối cho gia đình 4 người với ngân sách 200k.,Thực đơn bữa tối cho gia đình 4 người với ngân sách 200k sẽ bao gồm các món ăn như sau: 1. Cá hồi xào rau: 200.000 VNĐ 2. Bò sốt bơ: 200.000 VNĐ 3. Sườn xào: 200.000 VNĐ 4. Mì ống bò: 200.000 VNĐ 5. Salad: 200.000 VNĐ 6. Nước ép: 200.000 VNĐ Tổng số tiền thực đơn là 1.4,"Dưới đây là một thực đơn bữa tối cho gia đình 4 người với ngân sách 200k:

1. Sườn nướng: Bạn có thể chọn một loại sườn nướng hoặc gà tây để nấu. Bạn có thể làm sạch và cắt phần chân sườn sau đó nướng trong lò cho tới khi chín. Nếu bạn chọn gà tây, bạn có thể xào chúng với các gia vị như hành tây, tỏi và hạt tiêu để tạo mùi vị. 2. Cơm gà: Bạn có thể chọn một loại cơm gà được nấu sẵn hoặc nấu cơm g",improved
12,Viết email xin nghỉ phép 3 ngày lịch sự và chuyên nghiệp.,"Subject: Request for 3-day vacation

Dear [Manager's Name],

I hope this email finds you well. I am writing to request a 3-day vacation from work, effective [start date] to [end date], and I hope you will grant my request.

I have considered the workload and deadlines of my team, and I believe that taking a break will allow me to recharge and return to work more focused and energized. I have also ",[Chữ ký] [TÊN] [Địa chỉ email] [Thời gian] [Thư điện tử] [TÊN] [Địa chỉ email] [Thời gian] [Thư điện tử] [TÊN] [Địa chỉ email] [Thời gian] [Thư điện tử] [TÊN] [Địa chỉ email] [Thời gian] [Thư điện tử] [TÊN] [Địa chỉ email] [Thời gian] [Thư điện tử] [TÊN] [Địa chỉ email] [Thời gian] [Thư điện tử] [TÊN] [Đ,similar
13,Giải thích thuật toán sắp xếp nổi bọt bằng tiếng Việt đơn giản.,"Thủ thuật sắp xếp nổi bọt, hay còn gọi là thủ thuật sắp xếp nổi bọt, là một thuật toán sắp xếp được sử dụng để sắp xếp một mảng dữ liệu từ nhỏ đến lớn hoặc từ lớn đến nhỏ. Thuật toán này hoạt động dựa trên sự thay đổi giá trị giữa hai phần tử trong mảng. Khi thực hiện thuật toán sắp xếp nổi bọt, mảng dữ liệu được chia thành hai phần: phần tử lớn nhất và phần tử nhỏ nhất. Sau đó, phần tử lớn nhất đ","Thủ thuật sắp xếp nổi bọt là một thuật toán sắp xếp có độ phức tạp thời gian O(n^2). Thay vì so sánh hai phần tử mỗi lần, thuật toán này sẽ phân loại phần tử bằng cách so sánh phần tử với các phần tử trước đó. Trong thuật toán này, phần tử đầu tiên sẽ là phần tử lớn nhất, phần tử thứ hai là phần tử lớn thứ hai, tiếp tục cho đến phần tử cuối cùng. Điều này được gọi là sắp xếp nổi bọt vì phần tử lớn",improved
14,Tóm tắt nguyên nhân dẫn đến Thế chiến thứ nhất trong 3 câu.,Thế chiến thứ nhất bắt đầu vào năm 1914 khi Đức Quốc xã gây ra một cuộc nổi loạn trong quần chúng bằng cách đốt phá một tàu khách của Anh. Cuộc nổi loạn này khiến Anh Quốc và các nước khác phải đứng lên bảo vệ mình. Đức Quốc xã sau đó đã mở rộng cuộc nổi loạn bằng cách chiếm đóng một số lãnh thổ của Anh Quốc và các nước khác. Việc này đã khiến các nước khác quyết định hỗ trợ Anh Quốc bằng cách gửi,"Nguyên nhân dẫn đến Thế chiến thứ nhất bao gồm nhiều yếu tố phức tạp, nhưng một số yếu tố quan trọng nhất bao gồm sự cạnh tranh giữa các cường quốc quốc tế, sự bất đồng ý kiến trong các vấn đề quốc tế, sự phân chia giữa các xu hướng chính trị và kinh tế, sự phụ thuộc ngày càng tăng của các quốc gia vào thương mại và sự phát triển của tư tưởng chủ nghĩa đế quốc. Các cuộc đàm phán quốc tế thất bại l",improved
15,Cách cân bằng công việc và cuộc sống cá nhân?,"Cân bằng công việc và cuộc sống cá nhân là một trong những mục tiêu quan trọng nhất của nhiều người. Điều này đòi hỏi bạn phải có tầm nhìn rõ ràng về mục tiêu của mình, thiết lập các mục tiêu và kế hoạch cụ thể để đạt được chúng, xác định thời gian dành cho các hoạt động khác nhau và học cách nói không. Một số phương pháp có thể giúp bạn cân bằng công việc và cuộc sống cá nhân bao gồm: 1. Đặt mục ","Có nhiều cách để cân bằng giữa công việc và cuộc sống cá nhân, tùy thuộc vào cá nhân và hoàn cảnh của họ. Một số cách phổ biến bao gồm: 1. Quản lý thời gian: Sử dụng công cụ như lịch trình, danh sách việc cần làm và các phương pháp quản lý thời gian để sắp xếp các nhiệm vụ và ưu tiên của bạn. 2. Tạo ra thời gian dành riêng cho bản thân: Hãy dành thời gian để thư giãn và chăm sóc bản thân bằng cách",improved
16,Tạo ngân sách cơ bản cho người kiếm được 15 triệu đồng mỗi tháng.,"Dưới đây là ngân sách cơ bản cho người kiếm được 15 triệu đồng mỗi tháng: 1. Thu nhập cá nhân: 15 triệu đồng mỗi tháng. 2. Chi phí nhà ở: 20% thu nhập cá nhân, hoặc 3 triệu đồng mỗi tháng. 3. Chi phí an toàn cá nhân: 10% thu nhập cá nhân, hoặc 1,5 triệu đồng mỗi tháng. 4. Chi phí xe hơi: 15% thu nhập cá nhân, hoặc 2,25 triệu đồng mỗi tháng. 5. Chi phí xe buýt, xe đạp, xe đạp: 5% thu nhập cá nhân, ",Một ngân sách cơ bản cho người kiếm được 15 triệu đồng mỗi tháng có thể bao gồm các khoản chi phí sau: 1. Tiền thuê nhà hoặc tiền thuê căn hộ: 20% thu nhập - 300.000 đồng/tháng. 2. Chi phí sinh hoạt: 25% thu nhập - 375.000 đồng/tháng. 3. Chi phí ăn uống: 10% thu nhập - 150.000 đồng/tháng. 4. Chi phí đi lại: 5% thu nhập - 75.000 đồng/tháng. 5. Chi phí giáo dục: 5% thu,improved
17,Giải thích lợi nhuận kép (compound interest) bằng ví dụ đơn giản.,"Lợi nhuận kép là một khái niệm trong tài chính đề cập đến việc tích lũy tiền tệ bằng cách tính lãi trên tổng số tiền gốc và lãi trước đó. Điều này có nghĩa là lãi được tính trên tiền gốc và lãi mà tiền gốc đã tạo ra. Dễ hiểu hơn, nếu bạn gửi 1000 USD vào một tài khoản tiền gửi có lãi suất 5% mỗi năm, sau một năm bạn sẽ có 1050 USD, vì lãi suất là 5%, hoặc 50 USD. Sau một năm tiếp theo, bạn sẽ có t","Lợi nhuận kép, hoặc lợi nhuận kép, là một khái niệm trong tài chính nói rằng khi một khoản tiền được tích lũy và nó sẽ cho phép lợi nhuận được tích lũy một cách tương tự. Điều này có nghĩa là lợi nhuận được tích lũy trong tài khoản được tính toán dựa trên khoản tiền gốc và khoản tiền lãi đã được tích lũy. Ví dụ đơn giản nhất để giải thích là khi bạn gửi tiền vào một tài khoản tiết kiệm, bạn sẽ nhậ",improved
18,Nên đầu tư vào cổ phiếu hay trái phiếu khi mới bắt đầu?,"Khi mới bắt đầu đầu tư, bạn nên cân nhắc đầu tư vào trái phiếu vì chúng có thể mang lại nguồn lợi nhuận an toàn hơn và ổn định hơn. Trái phiếu là một loại cổ phiếu mà bạn đầu tư vào một công ty hoặc tổ chức để nhận một khoản lợi nhuận cố định. Tuy nhiên, trong trường hợp bạn muốn đầu tư vào cổ phiếu, bạn nên tìm hiểu về thị trường chứng khoán và tìm hiểu kỹ về công ty hoặc tổ chức mà bạn muốn đầu ","Khi mới bắt đầu, việc đầu tư vào cổ phiếu và trái phiếu đều có thể là một lựa chọn tốt. Tuy nhiên, có một số điểm cần lưu ý để giúp bạn đưa ra quyết định phù hợp. Đầu tiên, bạn nên tìm hiểu về thị trường và các loại tài sản đầu tư. Cổ phiếu và trái phiếu là hai loại tài sản đầu tư khác nhau, mỗi loại có đặc điểm riêng. Cổ phiếu là một loại cổ phần trong một công ty, cho phép bạn có quyền sở hữu mộ",improved
19,"Translate to English: 'Hôm nay trời đẹp quá, mình đi chơi nhé!'","Today the weather is so beautiful, let's go play!","Today the weather is really nice, let's go play!",improved
20,2 + 2 = ?,2 + 2 = 4.,2 + 2 = 4.,improved
